incident_id,supplier_id,incident_type,severity,incident_date,resolution_days,financial_impact_usd,notes
INC-ODFB8986,1095.0,Quantity Shortfall,low,28-May-2025,4,25802.83,Expert what low sense standard author.
INC-INXS4968,1420.0,Quantity Shortfall,Medium,09/26/2023,28,9070.05,Head whose whose recent help spring.
INC-RPUY9259,1012.0,Customs Hold,low,03/19/2026,17,1559.31,Decide candidate phone media.
INC-HTRX0118,1234.0,Quantity Shortfall,Low,01/06/2026,1,,Parent focus.
INC-NJWX4365,1377.0,Late Delivery,Critical,2023-08-20,8,3696.49,Audience partner president while nearly fact tell after hear two.
INC-NDTZ5922,1041.0,Communication Breakdown,Critical,1709424000,46,,Choice you provide system sometimes effort.
INC-ILTS2569,1023.0,Capacity Constraint,HIGH,05/04/2026,5,81494.79,Nice affect whether event everybody attack late gun.
INC-EPSA5029,1412.0,Capacity Constraint,low,12/12/2023,5,,Animal involve bank cell sound ago Democrat chair strategy.
INC-TDMP0924,1429.0,Customs Hold,Low,12-Jun-2025,16,,Country mind institution fire play probably continue car edge.
INC-KVHX3874,1006.0,Late delivery,major,20-Aug-2023,2,,Much practice hand toward price year loss health character teacher hear instead detail.
INC-PLYR5701,1198.0,Quantity Shortfall,Low,15-Dec-2023,2,7769.92,Three camera time challenge herself job.
INC-ZVBM1656,1124.0,Quality Issue,major,23-Mar-2026,28,751.96,White within theory fall name.
INC-WHKA9317,1094.0,Port Delay,Low,08-Feb-2024,5,,Second compare at many amount loss recent simple.
INC-QWWQ1347,,Late delivery,major,10/16/2024,34,23323.39,Song blood girl threat recently capital have stop skin appear throughout.
INC-QNJJ1311,1134.0,QUALITY ISSUE,minor,07-Dec-2024,6,6083.79,Either probably green every political chair laugh.
INC-YQPE6908,1326.0,Capacity Constraint,HIGH,06/22/2025,4,515.21,Him collection other about represent possible rock factor.
INC-IZSR2625,1146.0,shipment delay,Medium,03/06/2026,7,767.07,Try type cause hold ok bar.
INC-OIMT6186,1408.0,Customs Hold,High,02/15/2026,23,,Me economic color.
INC-ICVB3632,1083.0,Late delivery,HIGH,2025-02-13,26,90557.31,Human why over agent agreement act.
INC-STNY5732,1498.0,Quality Issue,Critical,19-Nov-2024,2,,Trial himself interview.
INC-XKUI2176,1027.0,Quantity Shortfall,HIGH,06/14/2025,7,1848.03,Spring career fine.
INC-OXQT8526,1180.0,shipment delay,3,10/01/2023,25,1407.69,Let natural kid move general perform staff be.
INC-FSBU6007,,Force Majeure,Medium,11-Apr-2024,5,,Half less remember fear state lay.
INC-KDSK3898,1500.0,Capacity Constraint,Medium,28-Jan-2026,18,,Natural record them after machine fact.
INC-CXQX8689,1041.0,Late delivery,Critical,20-Mar-2025,3,20741.44,Reality effort business popular subject.
INC-SSSF7631,1234.0,Late delivery,Medium,11/30/2023,7,2869.75,Although song certain theory their learn drive.
INC-MOOA9064,1342.0,Force Majeure,3,11/12/2024,10,3209.89,Police when firm both whether foreign watch activity process reflect child international loss represent day.
INC-LOCV9893,1481.0,shipment delay,low,2025-11-30,-9,12543.91,Economy include oil race different whom.
INC-AFTD9565,1097.0,Port Delay,Critical,2023-12-03,5,3490.81,Surface happen.
INC-KGBA1338,1222.0,Customs Hold,Low,01/26/2026,39,4219.24,Key bank itself again reveal grow garden left effort song black.
INC-EDRN9014,1054.0,Quality Issue,2,1720051200,2,,Person central happen officer.
INC-WQMJ6531,1345.0,Quality Issue,major,2025-02-22,10,3934.17,Away treatment PM thing data person memory capital.
INC-LFEM6203,1193.0,QUALITY ISSUE,Critical,2023-06-08,2,,Beautiful everyone recently child he measure.
INC-GEYS4235,1123.0,Force Majeure,low,31-Aug-2023,10,11679.94,Growth shake smile travel.
INC-QYWU9774,1199.0,Late Delivery,Medium,2025-03-11,31,188.84,Talk husband several despite assume his event answer oil model item traditional media husband assume.
INC-QQHO5709,1035.0,Late delivery,3,10/10/2023,1,130.47,Offer better three contain grow draw simple parent change.
INC-AUKZ1187,1498.0,Quantity Shortfall,low,02/05/2026,14,,Social matter under ever follow.
INC-UAKB6174,1006.0,Port Delay,3,05/10/2025,2,,Grow particularly commercial job both southern traditional.
INC-CDVB8655,1430.0,QUALITY ISSUE,Critical,28-Aug-2025,13,3112.44,See tough not argue station economic where feeling involve.
INC-ZKWX1497,1494.0,Port Delay,Critical,2024-10-15,7,,Yes case three receive increase less speech long animal success production think nor.
INC-KEQN2644,1385.0,Force Majeure,minor,2025-04-15,1,15130.99,Low month direction create.
INC-SALO6915,1150.0,Communication Breakdown,HIGH,2024-05-10,4,575.75,Argue huge dog fall long stuff.
INC-LXVO4724,1229.0,QUALITY ISSUE,3,1757462400,18,345.72,All attack range worry over pull begin meet him people attention fall future.
INC-NUMU3260,1263.0,Late delivery,major,11/26/2024,1,310969.2,Away individual manage store road office mean audience sort until.
INC-CEHK1953,1500.0,Force Majeure,Medium,07-Jan-2026,7,,Decision believe husband paper yes act make although player four like hotel pattern less.
INC-XRPQ7434,1225.0,QUALITY ISSUE,Medium,09-Aug-2024,-14,,Read national onto key loss free season morning by.
INC-GTPN7918,1216.0,Late Delivery,Medium,2024-11-28,6,3344.74,Skill executive eye worry light sure gun gas help common former report remain western begin.
INC-LMJF3221,,Capacity Constraint,3,2024-04-19,8,1255.26,Bring gas join society notice foot police add.
INC-ILQI6521,1173.0,Communication Breakdown,Critical,10/04/2025,2,712.6,Last drive industry bed good school seek people price.
INC-LDVH6226,1459.0,Late Delivery,Critical,06-Dec-2025,5,3375.78,Effort seven record network almost thus school adult.
INC-ONXM6063,1281.0,Force Majeure,low,07/13/2023,13,1804.06,Statement whatever make ability wait about fire happen wonder later staff value.
INC-YRSP1411,1317.0,QUALITY ISSUE,High,1773532800,20,2532.52,Red side call theory government mother central.
INC-JOOJ0771,1228.0,Quality Issue,High,1762214400,16,1913.61,Language central act report plan near.
INC-BWEX9951,1482.0,Customs Hold,HIGH,2025-09-22,14,8065.24,Must not enter clear official difficult week property mean Mr authority say car act.
INC-QKHG5534,1166.0,Capacity Constraint,3,08/19/2023,34,685.64,Stock southern in growth wide professor business learn.
INC-MKND5993,1153.0,Force Majeure,2,2026-03-16,5,791.21,Easy next light determine work.
INC-ESZT6891,1315.0,Communication Breakdown,High,2025-05-17,-19,10685.96,Determine no themselves mind thank American ground imagine.
INC-VZUU1601,1341.0,Capacity Constraint,3,26-Nov-2023,17,6971.86,Reason want push sense much experience TV win imagine.
INC-NKTG9234,,QUALITY ISSUE,Critical,12-Mar-2026,13,1383.48,Vote reality else.
INC-NBLH8614,1246.0,Force Majeure,minor,01/05/2024,4,2240.22,Decade law career really speak section will final cut about material policy.
INC-EDTO6531,1025.0,Port Delay,HIGH,02/12/2024,9,9748.61,Loss per debate.
INC-UHCB3788,1459.0,Customs Hold,Critical,28-Mar-2025,18,5112.65,Apply start mind project science build.
INC-AAMM9223,1254.0,Late Delivery,High,2026-03-21,-18,171.16,Woman voice able represent seek free whom.
INC-JGLO4044,,Late Delivery,major,21-Oct-2024,4,,Respond any sit hospital find.
INC-CJQK0611,1465.0,Quantity Shortfall,2,2025-11-23,34,,Success you successful pull nice mention mission.
INC-FRPT9483,1182.0,Capacity Constraint,minor,2024-09-28,20,,Mean center yourself fire.
INC-HESV3387,1061.0,shipment delay,Critical,2026-02-13,17,11319.84,Tv authority space during whatever building cell upon its only.
INC-BFNK4671,1085.0,shipment delay,low,12/01/2025,1,3662.97,Former investment series ask respond movie rest religious growth enter adult mean president describe ball.
INC-VJKK9369,1324.0,Port Delay,High,1764374400,13,,Boy product tell instead song stuff case.
INC-UJNM9298,1234.0,shipment delay,Medium,1698710400,1,7659.96,Message effect mother.
INC-NKJV9384,1423.0,Port Delay,2,11/16/2025,3,739.74,Water know phone media hundred say none discuss material mean field.
INC-CGJZ6712,1431.0,Communication Breakdown,minor,03/25/2026,7,2957.46,Pretty and strategy ask pull thousand already white religious capital although.
INC-INDX3655,1142.0,Capacity Constraint,Low,25-Mar-2024,16,4408.26,Recognize security probably.
INC-KVRJ1169,1239.0,Port Delay,Critical,02/23/2024,1,1554.94,Either more common impact stage second table down whatever system miss them.
INC-IKIR2358,1109.0,Late delivery,Critical,24-Dec-2025,6,,Republican security impact pattern police nation.
INC-DIIU9047,1003.0,shipment delay,Low,2024-11-09,2,1072.7,Participant performance hard can listen tonight care society risk upon there staff person.
INC-JBOY1294,1184.0,Port Delay,low,10/05/2025,36,3150.05,Democratic dream reason actually.
INC-MROD1830,,Late Delivery,minor,01-Dec-2024,3,5123.22,Nation always subject role third consumer describe film.
INC-MPAA2284,1385.0,Capacity Constraint,major,2025-01-17,1,,Medical listen last.
INC-ETLI9002,1061.0,Late Delivery,major,06/04/2024,9,3655.13,Develop bed even.
INC-VYFP8838,1039.0,Customs Hold,Medium,12-Dec-2023,2,6517.55,Push tough move responsibility know.
INC-QNXV0304,1471.0,Port Delay,major,2026-04-01,6,573.86,Growth month important explain ask lose.
INC-HIHU6904,1308.0,Customs Hold,High,2025-03-02,10,,Mrs right game ready.
INC-MYWA1054,1199.0,Port Delay,low,27-Aug-2024,1,27.64,Human see hot either poor discuss major.
INC-RXRF3001,1450.0,Late Delivery,High,2025-06-18,23,69431.68,Me theory century smile outside.
INC-EUPN6823,1095.0,Quality Issue,High,02-Apr-2025,1,75.0,Finish well black window cell kid.
INC-XLNO9155,1262.0,QUALITY ISSUE,High,2025-12-13,14,203613.5,Church small guy hear keep performance subject.
INC-YRXN4062,1423.0,Force Majeure,Low,02-Feb-2026,12,8083.12,Also top whether less out marriage wonder official special compare agreement whom after throughout.
INC-FWHT4844,1017.0,shipment delay,High,01/24/2026,9,13392.9,Man student necessary moment way approach form no.
INC-MVTP2758,1190.0,QUALITY ISSUE,low,2024-06-17,5,1593.35,Fight present thought while yet room sound election two move.
INC-YKFN9937,1180.0,Communication Breakdown,3,11-Oct-2025,10,2887.46,Step total fact item guess to kind activity machine discussion according.
INC-OALS0695,1384.0,Quality Issue,3,27-Mar-2026,6,2719.91,Small address image phone house use.
INC-SBWN3013,,Quantity Shortfall,2,2025-09-01,1,357.71,How only huge no forget hour compare finish beautiful.
INC-AFDW5508,1248.0,Capacity Constraint,3,07/16/2025,2,,Lead this reveal cold wife Democrat myself.
INC-YJWB1316,1260.0,Capacity Constraint,HIGH,1726704000,3,7345.82,General evening force green through.
INC-KZVB9656,1248.0,Port Delay,Medium,07-Nov-2023,1,4951.95,Those fill individual name least her material crime term animal throughout report field leg fall throw.
INC-TVCF7130,1493.0,Communication Breakdown,3,10/02/2023,14,,Establish fall daughter thank quite option.
INC-CERO4892,1481.0,Customs Hold,Low,26-Mar-2025,1,3575.97,Night five option.
INC-LHVG0309,1257.0,Capacity Constraint,Medium,21-Feb-2026,35,4054.62,You if between.
INC-FMPW2629,1151.0,Quality Issue,2,09/29/2025,8,2692.41,Represent physical second partner next like standard house later.
INC-FBSP8194,1074.0,QUALITY ISSUE,Critical,02-Apr-2026,11,7844.41,His occur child.
INC-BOEX2036,1323.0,shipment delay,3,2025-12-22,-1,,Pay police indeed get person money public huge.
INC-HSFK1359,1272.0,Late delivery,Critical,03/16/2024,1,720.96,Clear society girl agent pay amount message save contain.
INC-EIZR9017,1178.0,Late Delivery,Critical,11/09/2023,35,361.26,Fact action walk skill factor next rich describe magazine team during.
INC-ZFMR4543,1230.0,Customs Hold,HIGH,05/24/2023,8,5864.26,Someone get individual also particular.
INC-ETCQ3084,1042.0,QUALITY ISSUE,2,2024-11-11,8,3343.97,Dinner off doctor respond remember tax wear edge.
INC-KMJW3513,1144.0,Quality Issue,Low,1722816000,8,,Station before financial try foot example start stage that song each just plant former.
INC-WHKO0976,1466.0,Capacity Constraint,3,07/27/2025,14,251.27,Add include about across least weight.
INC-NOBZ7917,1038.0,Late Delivery,Low,05/02/2026,1,,Also yourself newspaper store according significant.
INC-PPGA2911,1146.0,QUALITY ISSUE,low,29-Jun-2024,4,2781.12,Big yeah whether yeah half current moment analysis should shoulder detail along one.
INC-RZQM9698,1277.0,Late delivery,low,01/11/2025,20,240603.38,Them what statement message peace black growth Democrat.
INC-NRRT9290,1087.0,Late delivery,major,31-Jan-2024,8,,Whole community occur learn development skill industry.
INC-YHKX3417,1353.0,Capacity Constraint,3,06/30/2023,1,4228.34,Very professional attack approach market author point.
INC-IAYG0297,,Quantity Shortfall,3,03-Aug-2025,1,,Same player sure number place several shake significant.
INC-SHWJ0245,1008.0,Customs Hold,minor,1731628800,30,,Off fear about including under look example last week marriage while right away win.
INC-UAAM9214,1212.0,Communication Breakdown,Low,2023-10-05,3,341.95,Guy thus again statement or couple street.
INC-FAML9454,1245.0,Late delivery,low,2025-08-01,5,,Raise apply break opportunity night could.
INC-BRWE3395,,Port Delay,major,12/11/2025,16,353.07,Debate full despite hear professional consider.
INC-NRGR6068,1168.0,Late Delivery,3,10/29/2023,27,,Any personal fund option buy.
INC-XRBP3482,1434.0,Late Delivery,Low,2025-11-16,-18,1933.6,Discover future agree hear.
INC-KNBL2653,1362.0,Late delivery,minor,04/25/2026,5,927.84,The card three family lead through firm third.
INC-NQWN8581,1497.0,Capacity Constraint,HIGH,2024-03-10,4,642.34,Level buy executive mention where.
INC-KIWC3612,1470.0,Communication Breakdown,High,24-Jun-2023,12,691.29,Once hard summer development vote plant police with cover then.
INC-EBIX4633,1310.0,Port Delay,Medium,11/17/2024,6,1626.79,Expert network seek physical none ten institution.
INC-OVRD0712,1155.0,Late delivery,3,09-Jul-2025,7,424.34,Case investment herself.
INC-UOYS1023,1427.0,Communication Breakdown,2,15-Sep-2025,15,,Market move my officer.
INC-ETET6196,1500.0,Customs Hold,Medium,2024-10-19,33,,Within base right spend major someone send section sport all professional white long.
INC-QKIS2922,1168.0,Communication Breakdown,HIGH,1685059200,19,1645.31,Center probably current forget.
INC-MVUD2004,1185.0,Quality Issue,HIGH,07-Apr-2026,1,1609.15,With kid question in fast will development member.
INC-MXVE7660,1150.0,Quality Issue,major,11/22/2024,3,,Exactly down worker industry of choose Mr step return program later quickly.
INC-RCAM8791,1038.0,Port Delay,3,1764979200,1,7630.37,Stand door western often security air wonder interest foot mission bar and.
INC-GXFG7209,1112.0,Quality Issue,2,18-Jun-2023,26,,Article state cut politics provide a.
INC-QEBX6001,1479.0,Communication Breakdown,low,2025-08-03,1,1946.07,So call kitchen red month list visit class.
INC-KZDJ6455,1454.0,Quantity Shortfall,Critical,03/11/2025,2,1099.95,Time structure method.
INC-FTFI9910,1340.0,Force Majeure,low,1697587200,12,,Reflect effect drug policy nation institution which itself others democratic anything.
INC-NOPZ1452,1339.0,Force Majeure,major,2024-11-06,7,,Answer current various smile short that only.
INC-JUMN3640,1123.0,Capacity Constraint,Medium,11/15/2025,16,316.01,Meet employee foot poor involve vote green or.
INC-FJJO8131,1486.0,Customs Hold,HIGH,08-Nov-2024,1,25259.1,Just threat million win act authority cut organization sport.
INC-XUEI6670,1265.0,Customs Hold,minor,12/12/2023,10,15596.88,East off room own loss sea.
INC-EHIN9921,1485.0,Port Delay,High,2023-08-26,47,7370.36,Space should beautiful level.
INC-JAZJ1078,1339.0,Quantity Shortfall,2,06-Jun-2024,8,,Report federal discussion dog focus idea same parent between bit treatment.
INC-TBZL6100,1105.0,Communication Breakdown,3,2024-03-20,1,46734.14,Partner according anything nice range some value life dog say interview.
INC-NEAJ1357,1409.0,Communication Breakdown,3,09/04/2025,4,24576.74,Find travel message hard drive road first maintain.
INC-RASR5343,1354.0,Late delivery,High,29-Jan-2026,13,1015.26,Actually throw this within rather though drive speak gas speech mouth identify.
INC-ACSX4872,1151.0,Late Delivery,High,06-Feb-2024,44,1357.58,Computer dinner also.
INC-ADZW6348,1438.0,Quantity Shortfall,HIGH,07/09/2024,24,,Talk skill rest who avoid.
INC-QHDF9504,1455.0,Communication Breakdown,2,1771372800,11,,Arm keep play weight mean two style sort peace life suffer water character evening series politics.
INC-ILVE7604,1042.0,Late delivery,HIGH,09/08/2025,30,,Play cold item beat.
INC-OIAY9795,1313.0,Late Delivery,High,09/02/2023,13,81848.78,Billion administration rise break can expect plant create.
INC-YSIO9121,,Late delivery,minor,22-Jan-2024,1,25923.72,Live center.
INC-LBGT7641,1487.0,shipment delay,Critical,23-Oct-2023,-8,183.79,Bring strategy hotel task service social.
INC-LZEF1514,1260.0,QUALITY ISSUE,HIGH,06/07/2023,1,,Structure police sure.
INC-UYMJ1672,1048.0,Communication Breakdown,Low,06/28/2023,32,4224.81,Long read commercial movement seek past team travel.
INC-FTVN4865,1320.0,QUALITY ISSUE,Critical,18-Jul-2023,6,,Clearly civil success green worry popular least reduce treat.
INC-PWXW5526,1372.0,Late Delivery,minor,2025-05-05,1,8838.63,Wear ball professional another rest direction money do.
INC-EDTW7949,1451.0,shipment delay,low,07-Oct-2024,2,65298.01,Future use picture box president side region note same window.
INC-URKS1046,1081.0,Force Majeure,Low,2025-11-03,3,5886.27,Data movement sort picture.
INC-ZZDJ5031,1083.0,Capacity Constraint,Low,2023-07-26,13,,Interest lay sign its.
INC-XLEK2840,1196.0,shipment delay,low,1738627200,9,,Across anyone boy born prove truth cut step phone.
INC-SYHI6627,1107.0,Communication Breakdown,Critical,09/26/2024,27,3834.21,Night pull official follow image a window purpose alone.
INC-SIJV3959,1372.0,Customs Hold,major,26-Jul-2025,3,5841.41,Debate character news career figure majority surface.
INC-NQBK7828,1126.0,Quality Issue,HIGH,1739577600,21,,Best specific author true history environment.
INC-SLOI8260,1291.0,QUALITY ISSUE,Medium,02/28/2024,11,324.35,Group rock catch form.
INC-DSVP4733,1072.0,Capacity Constraint,minor,06/12/2024,31,635.9,Kind other production lay huge quickly write keep interest throughout but to million.
INC-LTRV1586,1470.0,Late Delivery,3,04/23/2026,15,922.63,Nor specific involve mission firm boy.
INC-AGPT5380,1153.0,Port Delay,HIGH,2023-10-26,11,,Knowledge history reveal until me sell.
INC-UEPF1269,1081.0,QUALITY ISSUE,low,2023-07-03,18,5371.98,American apply land front.
INC-MTEA5542,1023.0,Customs Hold,Critical,07-Mar-2026,12,,Result me people day prevent minute local name.
INC-ZGUM2943,1061.0,Customs Hold,minor,11/04/2025,9,671.57,Southern yeah again establish make stuff available.
INC-VFOY3767,1313.0,Quantity Shortfall,low,2025-12-31,7,1222.28,Idea decision try.
INC-FCPI1887,1334.0,Force Majeure,2,02/10/2026,-6,1006.56,Early cultural back admit audience us report image government worry.
INC-CWEO5489,1189.0,QUALITY ISSUE,Critical,09/04/2024,7,2120.36,Improve both scene kid son yourself.
INC-SMBN0563,1134.0,QUALITY ISSUE,Medium,22-Jan-2025,59,4086.54,Difficult view front standard discussion language large major them necessary.
INC-STBZ7343,1268.0,Quantity Shortfall,2,03/23/2026,10,2410.45,Agree still indicate political education.
INC-AQFJ2207,1255.0,Force Majeure,minor,2025-05-29,54,4386.56,Night nearly audience alone success owner herself morning money.
INC-IWKQ6291,1173.0,Quantity Shortfall,Medium,07/17/2024,2,1046.89,But tree treat Republican production person cause opportunity.
INC-LFBD0532,1151.0,Late Delivery,minor,05/24/2023,2,6689.04,Father pay rise during success prevent else first candidate wish.
INC-TOOP7777,1317.0,Late Delivery,low,1750291200,-1,18690.75,Base before catch onto.
INC-ZGDF1602,1330.0,Quality Issue,High,08/22/2025,2,3665.95,Fund black nature six fight couple decision crime beat.
INC-IORP3745,1330.0,shipment delay,High,01-Nov-2024,12,,Very spend plant girl.
INC-CAOD6063,1415.0,Quantity Shortfall,Critical,1770163200,-1,1731.04,Above talk off full present break both manage.
INC-KKSL8991,1348.0,Late Delivery,3,1715558400,1,30423.14,Risk whether source similar stuff.
INC-NIOY8353,1467.0,Port Delay,3,1712188800,18,1160.95,Suffer analysis management develop figure public water.
INC-INES7526,1253.0,Late delivery,major,2024-10-21,29,1382.33,Especially picture teacher fire national hour minute least east.
INC-QPRY4982,1288.0,Force Majeure,Low,2025-11-07,1,,Southern scientist especially well mission technology.
INC-OOBM1196,1351.0,Customs Hold,High,12-Jun-2025,30,292.45,Small program not other development.
INC-YDEW6961,1414.0,Quality Issue,Medium,2023-09-16,26,,Sell name fear whatever partner.
INC-DYLY4470,1069.0,Customs Hold,2,06-Jan-2024,13,3919.84,Level pretty break international ready.
INC-UTYF9388,1226.0,Customs Hold,HIGH,2024-02-26,23,239.23,Sign would method beautiful memory another business floor already.
INC-CADJ7374,1252.0,QUALITY ISSUE,HIGH,1745539200,1,248.5,Manage stop way machine enter everyone skill oil.
INC-IKZR3485,1379.0,Force Majeure,3,12/18/2025,34,8662.76,Network fly same toward ago situation this ask through.
INC-ZIJU6455,1249.0,shipment delay,3,12/28/2025,4,,Allow most ready great cover.
INC-OWSJ4348,1190.0,Late Delivery,Medium,2023-05-26,11,2409.96,Not half possible than inside second real history case movie.
INC-UUMR6188,1054.0,Capacity Constraint,High,1714608000,25,,Collection occur.
INC-NCUZ7709,1488.0,Force Majeure,3,2023-05-06,4,15987.01,Minute name push name believe politics draw final adult.
INC-SAPH9279,1053.0,QUALITY ISSUE,2,12/17/2025,56,,Writer well hard participant.
INC-OSFO2584,1259.0,Capacity Constraint,High,2025-07-01,23,,Explain these without court crime.
INC-ESNJ3075,1329.0,Quality Issue,minor,11/13/2023,16,1250.09,Loss do allow worker once line enough.
INC-LSBU5698,1450.0,Customs Hold,2,1730851200,44,373.11,Value establish themselves here spring happen sign born red population together lot.
INC-EIHF6857,1232.0,Port Delay,Low,2023-09-04,5,985.41,Easy weight seven system car describe often structure national defense owner keep off treatment rather impact.
INC-AQIX4488,1348.0,Force Majeure,Medium,2026-03-10,9,4819.02,Under trial nice lay policy spend practice once several over author big.
INC-VBHM3313,1070.0,shipment delay,low,2026-03-18,20,3249.98,Tend force sea wish when and.
INC-NECD1450,1161.0,Force Majeure,minor,1714262400,4,2190.91,Issue step with behind along look face minute.
INC-PDGU9569,1009.0,Port Delay,minor,03/01/2024,35,868.6,Though best travel ask control cost town assume.
INC-IKZB3033,1186.0,Quality Issue,Medium,2023-10-17,11,,Fear along drive quite suffer sister five.
INC-QFEV7127,1310.0,Force Majeure,3,02/16/2024,2,3646.39,Collection travel place wide ask player feeling lose report before past information.
INC-KVJB3550,1460.0,Port Delay,low,1768953600,6,3188.25,Really point.
INC-UUXD7820,1264.0,Capacity Constraint,major,28-Jun-2025,7,2085.26,Share test.
INC-AEYK0558,1357.0,Port Delay,major,02/25/2025,10,6642.95,Onto produce those bed short billion without those.
INC-IPED0436,1082.0,QUALITY ISSUE,Critical,08-Apr-2026,1,1576.01,Safe anyone wear town good wish media use.
INC-DJQS8808,,Quantity Shortfall,2,07/04/2025,9,3194.29,Buy weight certainly reach military her.
INC-NWXP9246,,QUALITY ISSUE,minor,2025-08-04,6,4557.73,True how we event purpose cold sport talk painting.
INC-RQCT8902,1134.0,Communication Breakdown,minor,16-Jul-2024,4,216.95,Fine project for commercial wind blue interesting second course them hotel art.
INC-OCTX7933,1280.0,shipment delay,major,27-Oct-2024,1,200.87,Stage political speech process consumer next firm daughter suggest per tough.
INC-EZEL6933,1233.0,Late delivery,low,14-Sep-2023,11,3120.68,Half own protect.
INC-MUOX0737,1099.0,Customs Hold,Low,2025-11-22,1,10059.72,Over only similar nature.
INC-VIAB9004,1188.0,Quantity Shortfall,minor,2024-04-03,21,,Successful condition focus much fear stage community appear full then.
INC-PWPA8794,,Quality Issue,minor,2025-03-24,11,,Toward build down upon reason mother.
INC-TEUY5047,,Late delivery,Medium,2023-05-26,1,13800.15,Try skill war form part southern fill seem practice situation always Mr husband her.
INC-JSNB3728,1032.0,Customs Hold,3,27-Apr-2026,8,,Expert itself last.
INC-HLJO4257,1006.0,Customs Hold,2,12-Jul-2024,3,12730.28,World return Congress this chair event economy.
INC-JBXA2281,1296.0,shipment delay,minor,14-Sep-2025,8,,Choice industry suffer physical type or interview very hope sport each able relate gas chance.
INC-IPPH3423,1145.0,Communication Breakdown,3,04/01/2024,24,2871.96,Training clearly civil specific behavior many.
INC-WXUY2564,,Quantity Shortfall,2,07-Apr-2026,6,,Discussion note imagine concern statement late wonder.
INC-AMDI5380,1118.0,QUALITY ISSUE,low,2026-04-21,12,12735.57,Although member local among research safe property service nothing chair.
INC-IIEU8515,1491.0,Quantity Shortfall,Medium,2025-07-31,2,7103.86,Significant western about rich site least success.
INC-QVYP9786,1023.0,Capacity Constraint,Critical,2024-12-10,12,,Official why ok.
INC-OUWN4691,1378.0,shipment delay,Medium,1743724800,6,11018.01,Hour scientist material pay floor wife.
INC-NODW5164,1229.0,Quality Issue,High,2024-10-16,8,1434.47,Minute hot more summer.
INC-FGXQ8081,1155.0,Port Delay,low,12-Dec-2024,1,1749.92,Begin budget window manager.
INC-CZDJ9671,1349.0,Port Delay,HIGH,08/21/2025,5,1871.35,Various agreement same debate my not.
INC-BBLK6545,1432.0,Capacity Constraint,High,04/15/2026,6,,Perform itself of bag.
INC-HQOI6382,1223.0,Port Delay,3,2025-07-29,20,42.54,Give soldier watch probably even happy south.
INC-NYVG9009,1058.0,Customs Hold,Medium,19-Mar-2025,-1,4599.83,Tell drug foreign believe family.
INC-VZYT6230,1015.0,Quality Issue,low,10/03/2024,29,,Road ball great relationship.
INC-NUXV6210,1279.0,Customs Hold,major,03/03/2026,14,375.26,Step as ask.
INC-PKYE7719,1485.0,Customs Hold,High,28-Apr-2025,-6,1596.68,My good hair pattern most site.
INC-RIGM5520,1427.0,Customs Hold,3,07/09/2024,13,544.01,President add suggest teach main night stuff.
INC-ZIRE5113,1235.0,Customs Hold,major,05/13/2024,7,,Building star government provide see traditional able measure.
INC-UXZU2531,1031.0,Capacity Constraint,3,2025-08-20,18,656.77,Represent determine business official recently opportunity us.
INC-EWJZ3554,1270.0,Late Delivery,major,2024-08-14,4,48624.66,Education leave force network whole.
INC-PWBN1431,1472.0,Customs Hold,HIGH,2023-06-18,13,,Choose night ball decade race character never save.
INC-XPMP2471,1217.0,Capacity Constraint,HIGH,2024-04-26,10,14156.22,One nothing administration bar.
INC-JSLI6477,1049.0,shipment delay,minor,2025-03-17,3,,House get wear out where.
INC-GPAZ9963,1414.0,Quality Issue,3,25-Sep-2025,35,1813.42,Worker increase live visit especially investment my.
INC-JIRX8542,1090.0,Capacity Constraint,major,1703635200,2,441.25,Activity beyond.
INC-YKLX1607,1361.0,Communication Breakdown,Low,2024-07-29,11,849.4,Score everybody quality case office policy may pay.
INC-BVPX6336,1304.0,Customs Hold,2,12/26/2025,9,2506.03,Let official watch article.
INC-TJTM0563,1444.0,QUALITY ISSUE,Low,10/24/2023,40,2921.93,Leader example dog computer imagine economic scene art.
INC-YUVX8700,1299.0,Late delivery,2,2023-07-05,39,19661.71,Research free federal region instead live authority.
INC-MBEV0237,1384.0,shipment delay,major,03/15/2026,20,969.52,Argue forget focus hard total near produce determine professor.
INC-YGHB6410,1104.0,Port Delay,minor,04-Jun-2023,19,6615.92,Team hit manager final center whom door western institution bit movement or.
INC-TPSC4590,,Communication Breakdown,Medium,2026-02-08,8,,Fill have group attorney never good meeting moment grow score.
INC-CBOZ2545,1234.0,Quality Issue,High,05-Mar-2025,23,2336.89,Each age already leader remain lay cold two news yourself fear.
INC-IITH6479,1298.0,Capacity Constraint,2,12/05/2023,1,2288.84,So spring Mr situation along word sign.
INC-XXVD1822,1400.0,Late delivery,3,1743120000,1,421.2,System write hour need marriage property enough.
INC-EEYI8589,1125.0,Force Majeure,minor,1746230400,6,954.84,Either career measure mention include.
INC-CYUL7755,1220.0,Communication Breakdown,major,05/06/2025,7,,Past much message in care son prove education perform strong citizen.
INC-ZVIW3388,1187.0,shipment delay,3,08/19/2024,6,,Issue voice least performance particularly represent nothing today difficult.
INC-BJST1772,1342.0,Quality Issue,HIGH,02/12/2026,11,8810.24,Ready event hair section determine skill detail.
INC-FJTQ0479,1014.0,Customs Hold,HIGH,01/17/2024,5,,Chair key treatment need painting cold nation artist.
INC-ECAD7940,1319.0,QUALITY ISSUE,2,05-Sep-2025,2,1690.17,Accept sell could.
INC-VLUL1934,1272.0,Capacity Constraint,low,2025-09-14,2,4771.71,Drop pressure air two outside democratic may.
INC-UFRX1370,1224.0,Customs Hold,3,20-Jun-2025,15,22897.53,Side nature move down per beautiful with possible.
INC-BMZI2923,1463.0,Capacity Constraint,major,18-Feb-2026,36,,Health TV figure.
INC-NONY3959,1045.0,Capacity Constraint,2,2024-10-12,-7,,Social night term.
INC-QPZS8356,1417.0,Customs Hold,High,21-Aug-2025,1,,Themselves specific probably another someone feel voice full experience.
INC-CTLJ9785,1128.0,Customs Hold,low,02/03/2024,39,2274.99,Reduce wind end network stop data account water probably admit structure.
INC-MFLT1169,1242.0,Customs Hold,Low,02-Apr-2026,19,39467.49,Serve old teach sound.
INC-NQPM6359,,QUALITY ISSUE,HIGH,2024-02-19,1,,Site art company doctor great detail perhaps if mention stock only reveal.
INC-PPHM5171,1258.0,QUALITY ISSUE,2,2023-07-13,2,918.51,Personal last federal character difference walk.
INC-MBAS7916,1090.0,Customs Hold,Medium,10/09/2023,4,4744.98,South stock when somebody.
INC-KQBG5802,,Late Delivery,3,01/28/2025,12,36493.31,Sort certain pick build.
INC-ZAJO1785,1201.0,Quality Issue,Medium,2024-06-10,11,,Subject exactly camera result within.
INC-KCUW2676,1431.0,Communication Breakdown,Medium,17-Sep-2024,22,,Result million attack maintain agency whose garden wait authority system throw cost team treatment.
INC-UZYZ8493,1021.0,Late Delivery,Low,2023-12-31,22,1972.22,Lot pay world six unit drive continue outside start music year reveal film success store however.
INC-CBCK7733,1479.0,Port Delay,HIGH,2025-07-04,9,9229.01,Stand every my plant finally far off.
INC-SMMS4078,1270.0,Late Delivery,Critical,2023-09-06,44,,Seem skin others resource chance likely close move.
INC-TIZL9567,1421.0,Late Delivery,HIGH,2024-08-02,2,11511.04,Writer red.
INC-REJH7076,1072.0,Quality Issue,Critical,2023-11-28,41,,Window call might onto term between learn main.
INC-KQGS5872,1446.0,Quantity Shortfall,Medium,31-May-2024,15,,Consider collection develop some standard real see great.
INC-LBUO7783,1383.0,Late delivery,Low,1754524800,-14,,Kid this star low visit unit end.
INC-PRKC5428,1085.0,Capacity Constraint,High,26-Mar-2025,8,830.2,Special member nearly its growth.
INC-TZBK8162,,Force Majeure,low,12/10/2023,1,18158.46,Impact another administration much soon impact.
INC-CRBQ6376,1236.0,Communication Breakdown,High,02-Aug-2025,20,,Talk consumer maybe area daughter really hot safe pretty.
INC-RPZD3304,1346.0,Customs Hold,HIGH,15-Jun-2024,5,5878.96,Another traditional history collection.
INC-ZFVI6118,1250.0,shipment delay,3,10/12/2023,1,,List return focus or rule.
INC-ZEHT5568,1095.0,Port Delay,2,07/25/2025,13,895.28,Hair southern maintain soldier group never detail play ground color data new.
INC-TNMI8465,1312.0,Communication Breakdown,low,2024-02-10,21,,Authority research true lot decide.
INC-BCSY8314,1302.0,Late delivery,Medium,31-Jan-2025,1,,Year maintain garden oil explain point grow goal small PM clearly me if song minute animal.
INC-TQDQ6132,1216.0,Late delivery,HIGH,03/31/2024,30,8352.47,Whatever realize rule especially compare dog.
INC-WWCB0250,,Capacity Constraint,minor,2026-02-08,43,,Course than week yes over election plant method everything raise talk attention.
INC-TACS4815,1403.0,Late delivery,Low,04/22/2024,8,20468.77,Way per professor leader face suffer few huge.
INC-DHSJ0535,,Customs Hold,3,2023-06-23,1,1923.47,Image seat wear the part.
INC-GWXG7697,,Port Delay,High,05-Jun-2023,10,2394.89,Appear former bed.
INC-NLJW7822,1093.0,Quality Issue,Critical,1773014400,14,,Per themselves later age manager large.
INC-RKDC5207,1485.0,Port Delay,major,2023-07-31,11,485.3,Anyone simple sea together protect over push practice probably can technology.
INC-MFSP2547,1080.0,shipment delay,Critical,11/08/2025,1,7446.96,Movement result campaign similar.
INC-HAGW3110,1182.0,Quality Issue,Medium,05/13/2023,1,,Small subject music suggest season customer five operation window.
INC-AQJN7286,,Customs Hold,HIGH,05-Sep-2023,19,,Lawyer yard according they enter country nice.
INC-JIXT9038,1450.0,Late delivery,3,05/22/2023,9,,Inside service nor course hotel learn.
INC-IMJK7014,1404.0,Capacity Constraint,HIGH,1726617600,1,959.18,Tend treat tonight station indeed ever.
INC-CHJL6378,1048.0,Capacity Constraint,Critical,15-Apr-2026,4,,Sound through very model wall.
INC-YCLR7828,1207.0,Force Majeure,Critical,26-Nov-2024,17,63211.04,Indeed common good about red lead similar activity.
INC-ZQEG7986,1075.0,Late delivery,3,03/26/2026,15,2925.97,Impact even wish family.
INC-GIOT7447,1083.0,Customs Hold,3,03/04/2024,1,,Land government skill religious some.
INC-LUAQ7156,1096.0,Customs Hold,minor,14-Oct-2024,3,1814.99,Somebody arrive today make street no produce just often keep base television stock foreign total.
INC-XTTS8717,1179.0,Force Majeure,Critical,05-May-2025,17,155.87,Easy have door open.
INC-QJKY3658,1420.0,Late Delivery,Low,1757030400,8,10055.42,Produce trouble meet much bad.
INC-UPSC1249,1434.0,Capacity Constraint,High,11-Dec-2024,12,1533.19,Front determine eight accept ball hotel time investment first million specific impact white participant company debate.
INC-LGRA2465,1188.0,Late delivery,major,2024-11-25,2,8982.3,Reflect learn life would decade throughout hot capital.
INC-CQJF7102,1331.0,Late delivery,Low,2024-02-07,8,,Trial tough organization change drug.
INC-BZIP2086,1320.0,Communication Breakdown,2,08-Aug-2024,13,629.83,Thank wear finish deal hope lead late.
INC-EBHP1198,1442.0,Communication Breakdown,High,21-Dec-2024,3,192903.52,Well read heavy specific reach.
INC-UNWX2831,1415.0,Late delivery,2,2025-10-30,1,3675.63,Item give behavior late story nature pull station.
INC-KKNQ1060,1332.0,Late delivery,Critical,01/21/2024,1,3550.59,Bank peace prepare animal pass view nation send.
INC-VHEP3715,1499.0,Capacity Constraint,low,07/21/2024,20,2534.6,Role poor reduce see others relationship official.
INC-QHVQ7294,1250.0,Customs Hold,High,2023-06-25,8,672.59,Suddenly industry all per movement word pass occur surface.
INC-GAVF7113,1195.0,QUALITY ISSUE,HIGH,13-Jan-2025,1,33768.67,Three technology her school direction defense writer specific.
INC-VGYB7752,1078.0,QUALITY ISSUE,major,2023-10-31,5,1123.86,Act foot degree consider.
INC-LSWX1326,1339.0,Capacity Constraint,Medium,02-May-2025,12,,Choose south set care piece car environment.
INC-UBXZ3328,1335.0,Customs Hold,Critical,2024-04-11,4,,Prove seek research apply example hour these difficult military detail bit.
INC-LKHF5886,1485.0,Port Delay,minor,2025-08-03,18,475.88,Country best life message I structure film world beat imagine yet.
INC-ITIM9902,1387.0,Customs Hold,major,01-Jul-2024,3,593.14,Anyone read government go.
INC-GJDG5137,1017.0,Quality Issue,High,13-Sep-2025,16,540.73,Degree really air three almost.
INC-TNOC3433,1015.0,Quantity Shortfall,3,04/08/2024,10,4699.24,Allow provide notice song some property idea.
INC-TGWR9721,1220.0,Communication Breakdown,major,06/07/2025,13,2764.86,Mind plant cover financial mother address argue stand worker force would service others.
INC-VJQB1822,1381.0,QUALITY ISSUE,HIGH,1697241600,25,,Always even foot report central move southern new Mr material growth represent buy bag article.
INC-FQKA3718,1099.0,Capacity Constraint,3,2025-01-02,24,933.13,Similar time himself design baby.
INC-KRZC9590,1238.0,Quantity Shortfall,High,2023-09-23,20,5859.05,White father course fly share recognize commercial kid movie.
INC-DCWW9994,1035.0,Late Delivery,HIGH,2024-12-21,5,,Government raise wait stand anyone.
INC-DRQF0091,,Quality Issue,Low,1773964800,6,4817.2,Then career agree room cause spring avoid.
INC-PJHI0917,1028.0,Port Delay,Critical,10/22/2023,25,636.05,Free family great which hour look.
INC-BFXY3888,1218.0,Late Delivery,High,01/28/2026,1,3428.02,Western open cultural represent be use address different population.
INC-XVVA9118,1195.0,shipment delay,3,10/11/2024,13,1753.68,Course medical itself building civil deep seat.
INC-HGFL2545,1290.0,Capacity Constraint,minor,2025-12-22,9,5277.29,Community account close fast majority study.
INC-VWGT8133,1368.0,QUALITY ISSUE,Medium,1703203200,6,,Much yard never character help.
INC-BOFL5463,1491.0,QUALITY ISSUE,low,2024-01-24,11,,Really treatment table glass summer recognize body teach she.
INC-QIHL2546,1341.0,Port Delay,minor,11-Sep-2023,9,,Street clearly say think scene call act issue probably step grow.
INC-ZPAT5124,1246.0,Quantity Shortfall,Medium,2025-09-25,1,13825.39,Full large money pretty situation state girl many share well along discuss.
INC-GRGR1035,1262.0,Capacity Constraint,low,04-Feb-2024,3,82.58,Kind data common career.
INC-OHBM4162,1016.0,Quality Issue,major,08-Sep-2024,5,5605.17,Body age discuss.
INC-IGKB4708,,shipment delay,HIGH,2026-02-22,2,689.27,Reflect audience dark similar any our station.
INC-RRHT3549,1211.0,Force Majeure,Critical,2025-11-05,5,,Music movement development condition light policy here school.
INC-DMKX0309,1056.0,Quantity Shortfall,Low,2026-04-21,8,12209.52,Dream friend low.
INC-IBNW8192,1453.0,Quality Issue,Low,2025-12-12,13,274.45,Ball simply wind such cause peace itself who financial notice book character girl.
INC-YBQR3330,1475.0,Port Delay,HIGH,2025-01-05,13,1278.99,Authority hard off she.
INC-HOFM7137,1097.0,Late Delivery,Critical,30-Jul-2025,1,23915.96,Phone third Republican first.
INC-ISWK2180,1123.0,Quality Issue,High,29-Oct-2024,5,1202.63,Worry answer material main which least wonder.
INC-BMIC9976,1055.0,Communication Breakdown,major,2023-09-26,26,2884.04,Save feeling.
INC-QFZN3250,1203.0,Late Delivery,low,12/19/2025,2,4212.48,Knowledge truth artist someone bed somebody model arm successful why.
INC-HVYZ9297,1010.0,Port Delay,3,04-Apr-2025,8,478.7,Computer Mr you music term country seat take white big model watch sister occur although stage.
INC-XXCL5940,1403.0,Communication Breakdown,Low,1737936000,3,1503.05,Example store center three follow assume provide late explain painting indeed west machine.
INC-UFOO4117,1017.0,shipment delay,Critical,06/09/2024,16,,Floor carry site major suddenly goal.
INC-OBRB0473,1133.0,Customs Hold,Critical,17-Apr-2024,1,15158.21,Always friend will trade tell house it.
INC-RAAP3000,1309.0,Quality Issue,Medium,03-Dec-2025,8,,Lead argue adult voice family tonight city conference.
INC-AAKZ7233,1343.0,Quality Issue,Critical,11/25/2023,17,851.05,Generation doctor goal under large whole total interesting modern answer smile treatment try.
INC-GHWS3903,1222.0,Quantity Shortfall,3,1705968000,7,10907.84,Usually example score laugh reality.
INC-DUTV7851,1414.0,Late Delivery,Medium,2024-05-30,1,1211.27,Card member environmental person.
INC-BHRT8164,1321.0,Capacity Constraint,low,09/05/2024,2,6297.5,Front well choice international responsibility site never dinner land.
INC-JQMY2076,1258.0,Port Delay,low,07-Mar-2024,2,261.11,War TV ball read staff series ten decide necessary number information common economy similar break several.
INC-KSKM4486,1232.0,Quantity Shortfall,low,2024-10-05,6,,Arrive likely new choice new card call administration hand resource.
INC-CKQX0140,1356.0,Quality Issue,low,12/18/2025,15,,Per someone power city idea see.
INC-TZOE1587,,Capacity Constraint,High,03/10/2026,4,259.69,Watch community physical.
INC-DUZC5758,1469.0,Communication Breakdown,Critical,2024-02-15,2,,Always skin market bring change build since occur successful lot.
INC-UDHO9825,1221.0,Late Delivery,Medium,24-May-2024,1,,Condition look significant make middle.
INC-GQIL2521,,Communication Breakdown,High,12-Feb-2026,17,1480.12,With wish population me year space cup image what everybody.
INC-AWHJ7520,1140.0,Communication Breakdown,minor,10-Apr-2025,12,1816.08,Form if term most bring now happen leg discussion page.
INC-HFCM6529,1294.0,QUALITY ISSUE,3,07/06/2025,29,36621.8,Factor word country by.
INC-QAPX2612,,Late delivery,3,2025-01-28,4,2012.96,Never determine year chair write.
INC-ANHG5679,1480.0,QUALITY ISSUE,major,29-Apr-2026,10,347.24,Name part community rate own treatment spend must senior past instead.
INC-QJSM1646,1348.0,Late delivery,HIGH,06/01/2024,1,,Best lose participant evening among night manage than various already.
INC-RFCA2312,1352.0,QUALITY ISSUE,Medium,1704412800,32,806.91,Scene if arrive policy reality father last.
INC-XAOS2848,1296.0,Quantity Shortfall,Medium,04/17/2025,20,70.33,Money way decision same argue.
INC-ZVHF5960,1289.0,Customs Hold,Critical,09/29/2025,-14,263.3,From focus can add or visit term whatever still expect.
INC-TUUS4918,1130.0,Late Delivery,2,2023-05-08,9,,Though five room town best.
INC-FULP6889,1002.0,Late Delivery,Critical,08-May-2025,2,22929.37,Manager yeah contain arrive table they parent lose parent civil president impact.
INC-KGTB1067,1194.0,Customs Hold,HIGH,2023-05-31,5,4899.21,Training already some civil idea art old yard box industry record worry issue.
INC-HPZJ9900,1183.0,QUALITY ISSUE,HIGH,1764806400,13,3375.03,Board light instead.
INC-NWJU3826,1096.0,Late Delivery,Medium,06/19/2024,30,1386.81,Claim affect within American join.
INC-QJXE1577,1464.0,Capacity Constraint,major,04/12/2024,4,4195.01,Student life voice piece prevent health tough little.
INC-RFAK3848,1366.0,Capacity Constraint,2,12/25/2023,34,120.46,Knowledge specific home.
INC-YIWC5822,1379.0,Port Delay,low,11/08/2025,1,166.76,After none happy region hand.
INC-CORE4538,1228.0,Late Delivery,3,29-Mar-2025,1,,President affect many idea western be only.
INC-LQQE7938,1233.0,Quantity Shortfall,3,1708732800,3,506.78,Mouth low ground power amount decade people manager.
INC-EGTL9313,1060.0,Customs Hold,HIGH,28-Sep-2025,35,935.78,Both learn response difference.
INC-AJDA7167,1107.0,Quality Issue,High,2025-03-04,8,,Trade at information shoulder movement learn air group environmental rule.
INC-IOYH3562,1362.0,Port Delay,low,11/29/2024,1,3128.73,Media watch put black offer.
INC-IDJW9240,1083.0,shipment delay,2,11-Nov-2023,3,14574.57,Quality help before crime yourself forward successful common mother size between under move available.
INC-TCSO9441,1386.0,Capacity Constraint,HIGH,2023-10-08,8,,Though key newspaper long rise likely.
INC-DYWH9357,1018.0,shipment delay,3,11/22/2023,7,,Structure concern able thing partner outside.
INC-NIHH7159,1173.0,Port Delay,Low,1747180800,45,9798.89,Resource look paper tough student quickly time sing government investment future.
INC-NECH0906,1006.0,Quality Issue,low,2023-09-06,22,,Say letter firm.
INC-YOZH7279,,Quality Issue,HIGH,22-Jul-2024,25,94.42,Too health data.
INC-FZHD1909,1263.0,QUALITY ISSUE,3,12/06/2025,2,2023.81,Beautiful civil unit church watch win.
INC-ZCAJ0917,1326.0,Quality Issue,2,05/11/2023,13,6014.48,Couple organization gun city agreement event career history explain miss.
INC-NQCP2469,,Communication Breakdown,2,02/11/2025,16,61937.76,State between newspaper stop officer suggest away ask.
INC-USCT1729,1306.0,Quality Issue,major,2024-07-17,11,,Soldier set of available.
INC-BPPE3113,1298.0,shipment delay,low,2025-01-01,6,38.5,Marriage forget fast do service party property avoid standard drug will bar not.
INC-YGQF0971,1474.0,Capacity Constraint,Critical,20-Mar-2025,2,1177.7,Else ability close purpose ability even soon network hand.
INC-GUKY2877,1405.0,Communication Breakdown,Critical,02/22/2026,-14,5118.73,Will while blue foot specific meet to agent group responsibility son.
INC-JPHM8259,1276.0,Capacity Constraint,Critical,10-Feb-2026,10,,Simple soon together live.
INC-MSJD8086,1176.0,Quality Issue,3,17-Oct-2024,14,,Create decade know scene by front so current.
INC-YKDJ1868,,Quantity Shortfall,Medium,2026-03-30,19,344.6,Some look choice rate sister remain.
INC-BROZ0957,1180.0,Communication Breakdown,3,19-Apr-2024,17,1702.66,Second include Mrs.
INC-LNBL6608,1057.0,Port Delay,Medium,05/22/2023,6,1661.85,Stand more sort benefit mind.
INC-YRJP5864,1194.0,Capacity Constraint,2,2025-06-25,1,1105.1,Interesting than theory upon director investment follow.
INC-INCW0085,1106.0,shipment delay,2,1741564800,28,902.81,Social dark before work check father.
INC-PGMD8087,1124.0,Late delivery,Low,04/19/2025,12,,Network safe good stand watch.
INC-RPBE2531,1275.0,shipment delay,2,02/01/2024,2,,Scientist model bag PM issue collection myself ever pay.
INC-JEVY7993,1437.0,Communication Breakdown,HIGH,17-Jul-2024,43,743.35,Course must determine ability.
INC-SSZN8495,1122.0,Customs Hold,2,15-Feb-2025,13,131.7,I bar sign me whom.
INC-CNAH4450,1190.0,Port Delay,low,10-Apr-2026,1,5781.64,Force power father real until back chair watch sound.
INC-DMFE5137,1468.0,Quantity Shortfall,3,22-Nov-2025,1,58.72,Open check both energy all difficult in.
INC-HRKZ1274,1278.0,Late delivery,Medium,15-May-2025,1,670.8,Difference crime instead visit job series our evening maybe.
INC-XTBB8804,1137.0,Capacity Constraint,Critical,2024-12-13,85,659.66,Finish voice order green growth law would his collection.
INC-ZMCI6570,1081.0,shipment delay,Critical,21-May-2023,22,1529.96,Rest word material office really kid tax money work consumer nor wife color.
INC-OZBR5322,1221.0,Quantity Shortfall,HIGH,1710115200,1,981.68,Main want prevent heavy sound nice skin store who give six create great sing.
INC-YMFT0833,1068.0,Quality Issue,low,05/22/2023,1,,Agent street seven practice certainly.
INC-EOML8821,1109.0,QUALITY ISSUE,minor,02/13/2024,3,1328.94,Identify one race.
INC-LNPI9394,1195.0,Force Majeure,low,06-Nov-2025,49,611.88,Charge important cell field kitchen include if economy continue smile everybody finally reality standard.
INC-PRFB2463,1034.0,Late Delivery,Low,2023-09-26,3,,I do performance.
INC-OKMY4062,1109.0,Force Majeure,HIGH,19-May-2025,23,700.17,Article after ready total speech claim war table.
INC-OAYI7112,,QUALITY ISSUE,Critical,2023-05-20,1,,Over consider yet live music.
INC-LYIN2962,1167.0,Port Delay,Low,03/15/2026,27,,Significant week listen crime claim herself actually letter face discussion find.
INC-GJVY5227,1190.0,Quantity Shortfall,low,2026-01-03,17,,Treat avoid style PM they improve spring issue protect.
INC-EZMQ2384,1471.0,Quantity Shortfall,Critical,1687564800,24,1220.32,Audience responsibility dark drive effect item thank director hold.
INC-QZYD5930,1344.0,shipment delay,minor,10-Aug-2025,1,15457.2,Rule build involve letter and.
INC-IFLS6879,1217.0,Customs Hold,High,11/07/2025,14,373.67,Fall hotel.
INC-BOVD5785,,Capacity Constraint,low,19-Jun-2025,8,,Require budget even movement the over send whom.
INC-WBEO7540,1208.0,Quantity Shortfall,High,12/19/2023,12,304.78,Care road his season home ok.
INC-XUXP9014,1320.0,shipment delay,low,10/09/2023,13,3433.79,Project remember fine.
INC-ASFJ8052,1306.0,Communication Breakdown,major,04/19/2024,1,7415.65,Month keep rise share fish especially.
INC-UEBQ9657,1447.0,Late delivery,High,14-Jan-2025,10,2060.07,Either address nearly drug somebody.
INC-MMIK8432,1120.0,Force Majeure,Low,05-Dec-2025,14,7440.87,Explain candidate black magazine by make number.
INC-IFDQ0099,1020.0,Quantity Shortfall,3,10/03/2025,6,,Idea great always world young plan.
INC-RPHT7257,1352.0,Communication Breakdown,2,05-Oct-2024,32,2335.41,Six score six best.
INC-CRZG2609,1140.0,Communication Breakdown,2,2024-11-13,25,975.42,After be it recently ok with candidate benefit who have next.
INC-IGJJ9263,,shipment delay,HIGH,03/28/2024,1,20821.48,Action collection hotel first product threat purpose I admit.
INC-DNJQ0667,1317.0,Quality Issue,High,2024-08-31,9,,Early shake administration enter fast me perhaps firm thank present nature within.
INC-WBOY2180,1023.0,Communication Breakdown,minor,05/31/2023,4,,Face cause long personal baby positive apply college.
INC-LBDU0726,1158.0,Quantity Shortfall,Low,03-Jan-2024,37,,Reflect politics method court hand over garden season body indicate bank.
INC-GIXE5410,1206.0,Late Delivery,High,11-Jun-2024,10,10514.76,Take trouble raise cover.
INC-JILO0417,1014.0,Customs Hold,Low,2025-02-24,1,777.28,Measure cut see somebody.
INC-GYZV8361,1124.0,Quantity Shortfall,low,2026-04-28,1,9383.59,Dinner glass plant blood friend.
INC-KULI4083,1447.0,Capacity Constraint,HIGH,2023-05-09,11,,Its summer reach interview over court should.
INC-XWML9645,1470.0,Communication Breakdown,Medium,20-Aug-2024,1,1541.41,But clear foreign physical situation choice system.
INC-IWJK6821,1358.0,Force Majeure,High,13-Jun-2023,2,1002.13,Stuff us rather.
INC-ITRP4579,1263.0,Late delivery,minor,10/10/2025,17,4641.76,Late happy defense song bill trip quickly choice evidence never other performance approach garden.
INC-ASGT4794,1310.0,Capacity Constraint,Medium,03/08/2025,6,,Thought pull all walk either dream air.
INC-FJVG3596,1066.0,Late delivery,HIGH,13-Aug-2023,28,,Should trade week a approach small.
INC-WQGT8205,1270.0,Force Majeure,Critical,2026-03-22,1,841.88,Because game learn should sound democratic.
INC-MNBP7739,1452.0,Late Delivery,major,2026-04-01,-11,2873.83,Clear chance rock structure before hour blood marriage so way.
INC-UFSX6107,1197.0,shipment delay,2,06/24/2025,1,2300.9,Side least paper another level high.
INC-YTWM3792,1422.0,Late Delivery,3,2025-10-01,6,8139.09,Drop hundred trip.
INC-XSZW0746,1043.0,Late delivery,Critical,08/25/2023,34,,Air speech well on under history mind more image run attack.
INC-NMQC6501,1307.0,Communication Breakdown,High,07/23/2023,3,3478.57,Bad official discussion dream arrive with need.
INC-LRXK8810,1028.0,Customs Hold,Critical,2025-09-30,5,,Wait keep attack less score.
INC-QISB5911,1285.0,Late Delivery,HIGH,04/01/2026,3,202.17,Nation early nearly matter guy ability individual.
INC-HUHZ9039,1493.0,shipment delay,Critical,11/16/2025,2,1373.45,Soon sound hand management write lose challenge particular last.
INC-JNXA8578,1321.0,Port Delay,minor,2024-10-14,27,9233.59,Wall spring.
INC-XNUQ9548,1160.0,Late delivery,major,01-Feb-2025,5,4714.26,Fine all pull fear purpose voice.
INC-NNSP1815,1262.0,Communication Breakdown,High,12/15/2025,7,,Food manage guy yeah thank major series.
INC-OMWA4660,1364.0,Late delivery,minor,1715904000,5,3110.99,Look year discover speak exist performance as.
INC-BIAH8937,,Capacity Constraint,minor,2024-08-06,2,,Industry much cover phone school story know office page close interesting dog.
INC-UABQ8853,1275.0,Force Majeure,major,02/12/2026,5,8095.4,Could rock light girl poor fact six continue.
INC-HRHO1223,1164.0,Port Delay,HIGH,2024-09-30,17,15959.75,Mission little father compare instead themselves herself sort believe take exactly.
INC-KJNY8005,1369.0,Late delivery,minor,2023-10-10,3,1183.69,Student from fight occur performance bring per.
INC-ZTOS2693,1236.0,Port Delay,minor,2023-10-03,4,630.04,Station return argue role experience crime grow set far.
INC-ANBK8058,1335.0,Quantity Shortfall,High,2026-02-16,10,1382.37,Mention leader despite miss industry wonder news citizen model deal resource only.
INC-WRNK8937,1331.0,Quantity Shortfall,Medium,21-Oct-2023,11,1850.77,Most same hand product anything fight identify culture year series certain.
INC-XGNU8543,1483.0,QUALITY ISSUE,HIGH,03/03/2025,6,18786.82,Partner story guess put during institution force.
INC-MAYT2532,1146.0,Quality Issue,HIGH,21-Feb-2024,4,257.75,Sure sometimes trade.
INC-ZGBT8824,1429.0,Capacity Constraint,Critical,07/06/2025,3,2690.09,Include plan various when goal pattern west moment recognize language in Democrat.
INC-YMAE3713,1251.0,Communication Breakdown,minor,2023-10-04,8,,Notice support almost everything quality.
INC-LIAF9711,1021.0,Port Delay,major,2026-02-08,21,1718.18,Do candidate TV meeting throughout challenge appear manage physical lawyer begin say each child.
INC-MLGN0343,1196.0,Port Delay,Critical,2023-08-02,7,,Difference scene receive every should father.
INC-RYCU2209,1301.0,Capacity Constraint,Low,09/01/2025,10,,Scientist dream exist however tough significant bank standard join memory.
INC-TSBM6458,1457.0,Communication Breakdown,major,02-May-2025,1,,Difference western we and adult itself think factor financial doctor half level.
INC-GNQY3321,1430.0,Late delivery,2,05/13/2025,3,,Establish long rather part much.
INC-RCGX2895,1158.0,Quality Issue,High,2025-12-22,28,325.48,Woman high affect management end condition second.
INC-TUHZ8174,1296.0,Port Delay,low,2023-12-11,13,4767.1,Far million point stage of far see response international brother.
INC-VMVO3577,,shipment delay,major,09/21/2024,11,274324.66,Commercial help beat claim.
INC-EDBZ7700,1308.0,Communication Breakdown,low,2023-05-26,11,92.66,Guy western behavior huge.
INC-ZFHM0460,1200.0,shipment delay,High,03/15/2025,27,61519.91,Population it glass.
INC-UBIC3517,1229.0,Late Delivery,Low,08/03/2023,17,222.43,Answer short billion organization author none production cultural prove.
INC-BTAC3355,1304.0,Port Delay,low,15-Sep-2024,1,,Style guy social before student fall.
INC-BKCG8500,1064.0,shipment delay,2,08/20/2023,10,,Recognize give we significant friend against break seek five kitchen whom technology.
INC-QYLD8761,1027.0,QUALITY ISSUE,2,1728950400,40,12763.61,Message poor office certainly another family issue something visit four yard.
INC-AJUT4590,1396.0,Late delivery,minor,30-Sep-2023,12,49079.32,Ground carry seek music travel plant treat test together religious full across wife.
INC-ROTJ6818,1399.0,shipment delay,Critical,2025-01-13,26,1458.51,Identify fill arrive like child PM bill decide animal gas.
INC-ENTK2609,1303.0,Quality Issue,Medium,11-Jun-2025,13,5481.23,Home nature risk wind simple teacher bank choice.
INC-HHOM4337,1039.0,Quantity Shortfall,Medium,07/26/2023,3,1032.4,Performance Republican worker tend western discuss something hotel enter matter manage understand.
INC-RMXU5969,1359.0,Quantity Shortfall,HIGH,2024-06-20,6,10234.56,Blood up visit bit school hospital.
INC-ZMIJ8976,1195.0,Quantity Shortfall,Critical,2025-08-15,4,37563.32,Soon building.
INC-RPOC3724,1091.0,shipment delay,High,12/26/2025,9,423.1,Space degree ago project.
INC-HLNG4566,1089.0,Communication Breakdown,Critical,16-Jul-2024,1,237342.69,Message their blood fly article blue.
INC-WYDI5890,1127.0,shipment delay,Medium,02/21/2025,1,686.69,Experience matter time purpose enter today tough poor room.
INC-QIAA5819,1025.0,Capacity Constraint,High,11/02/2025,21,18015.81,Nation study out sure whom like fly prove measure.
INC-WJTW7009,1156.0,Force Majeure,Low,2024-04-06,3,15339.01,Learn off pressure quite wrong since six.
INC-NABQ1475,1092.0,Quantity Shortfall,Critical,01/15/2025,1,185.02,Her ask often word form child model language specific sit save challenge meet rule.
INC-VAGX1715,,Capacity Constraint,High,2026-02-07,1,29599.18,Movie different discuss final high system check thing.
INC-ERAN9991,1101.0,Communication Breakdown,Low,1702425600,5,43354.36,Arm need as husband quite decision hear say involve establish lose fish cup.
INC-XLSA0655,,Capacity Constraint,Critical,09-Feb-2026,28,3396.58,Two action mind describe over bring hair scene.
INC-NOCN3421,1088.0,Quality Issue,major,09-Oct-2023,17,,If voice question evidence parent statement.
INC-XLNU6209,1051.0,Quality Issue,Critical,12/27/2023,9,,Me something economic myself spring middle ready cause.
INC-HIAB0806,1125.0,Capacity Constraint,Critical,1742083200,1,684.92,Front meet defense thousand list.
INC-IKBO0308,1072.0,Late delivery,minor,09/19/2024,15,1088.11,Treat decide standard end above Mrs.
INC-DTIC2870,1442.0,Capacity Constraint,2,1725926400,11,628.3,For he when by.
INC-JHZW1587,,Communication Breakdown,3,11/26/2023,22,,Office strategy back too recent may.
INC-TUNQ1057,1401.0,QUALITY ISSUE,Critical,09-Jul-2023,8,9750.01,Admit water cut check drive ball remain purpose source that.
INC-KVYN2765,1463.0,QUALITY ISSUE,HIGH,02/15/2025,1,6633.65,Whom instead commercial moment he accept.
INC-NFQQ9829,1328.0,Port Delay,Medium,01-Sep-2023,27,346.18,Game camera section know.
INC-QNUY7028,1363.0,Port Delay,HIGH,1716508800,4,45474.6,Condition major professor score interesting along week.
INC-OXTN7711,1448.0,Force Majeure,2,16-Oct-2023,2,,Beautiful view you husband full several.
INC-YUYR1973,1476.0,Quality Issue,minor,2024-07-02,2,133.38,Outside can budget agent three early part ball enter compare mother.
INC-GJXE0219,1395.0,shipment delay,Low,01/21/2024,1,92768.92,Movement camera office difference college total.
INC-LCXQ0482,,Late delivery,Medium,2026-04-02,21,301127.96,Begin president issue thought likely task.
INC-AUFY8885,1486.0,Quantity Shortfall,High,1689724800,1,,At popular ready how race everybody well several.
INC-ABZK1814,1409.0,shipment delay,major,11/17/2025,20,6360.21,Race capital account walk marriage partner.
INC-NIUD9259,1442.0,Late delivery,minor,2026-03-24,4,2513.67,Environmental woman who check compare international knowledge exactly cost price.
INC-LLLO8591,,QUALITY ISSUE,Medium,04-Jul-2023,6,,Support painting skin effect plan throughout forward but these month work.
INC-FTFB0326,1432.0,Quantity Shortfall,3,11-Apr-2026,20,12881.78,Beyond contain here view opportunity administration.
INC-DCIL6602,1413.0,Late delivery,Medium,06/19/2024,12,661.72,Certainly nation smile too should newspaper health investment.
INC-JPIA3597,1065.0,Late Delivery,Low,1689379200,69,,Bit parent administration plan.
INC-LVTB6408,1230.0,Capacity Constraint,Medium,02/03/2025,7,22044.72,Country wife Democrat discover win sport current too oil five several goal mission plant.
INC-QBXO9044,1103.0,Quantity Shortfall,Low,1732233600,9,3041.71,Section film rest take official while mouth political hospital.
INC-CTVY1734,1250.0,Port Delay,major,01/16/2026,2,,Present many government realize question talk fast camera first.
INC-NTPM1040,1081.0,Quantity Shortfall,High,22-Mar-2025,2,1290.61,Purpose which task accept beyond hair husband southern understand answer star total.
INC-PJWD1059,,Late delivery,3,1705536000,1,5254.42,Although opportunity bit above too consider.
INC-VUND7216,1095.0,Late delivery,minor,2024-07-07,2,2117.43,Stop project so change knowledge.
INC-SVHP9955,1369.0,Communication Breakdown,major,2023-12-20,33,1431.55,Why open usually between bed senior specific tough our we.
INC-NVUX6221,1222.0,Quantity Shortfall,High,2026-04-26,11,1790.7,Mention themselves care reduce choose.
INC-KGLH3263,1305.0,Customs Hold,major,1770249600,31,,Especially culture thousand pay.
INC-UQOZ6112,1477.0,Capacity Constraint,major,22-Apr-2024,4,13226.82,Himself save five various indeed should meet.
INC-ZCDN1989,1147.0,Quality Issue,HIGH,27-Aug-2025,1,,Area require general safe guess grow mention focus somebody.
INC-MXMP0657,1204.0,Capacity Constraint,HIGH,25-Mar-2024,11,,Meet far happy.
INC-KIAA8672,1234.0,Force Majeure,3,03/13/2025,42,1858.8,Politics sport best.
INC-UHIR3158,1140.0,Quality Issue,major,12/06/2025,24,,Long every not form couple maintain car focus.
INC-TWSA1722,1061.0,QUALITY ISSUE,low,26-Apr-2024,1,,Recently money bit around deal television budget five nearly well note current.
INC-GARF6407,1475.0,Capacity Constraint,major,2026-01-27,1,1710.18,Yes hard whether tree culture public.
INC-VSAF2845,1053.0,Force Majeure,Medium,29-Mar-2024,3,132.72,Free name recent raise question effect article country hot.
INC-KBKY0592,1445.0,Port Delay,Low,05-Oct-2025,10,1782.8,North change support far chair idea machine my bag.
INC-WJJX8985,1040.0,Force Majeure,minor,10-Jan-2025,3,22392.41,Buy step against mean through protect garden consider discover.
INC-LPDP5089,1491.0,Late Delivery,HIGH,05-Jan-2024,12,5943.56,Require happy certainly raise but son capital kind practice kitchen seem them carry nor.
INC-WWDB5577,1453.0,Quality Issue,major,2023-07-11,43,,Anything movement lay walk relate spend.
INC-KOJL5324,1017.0,Capacity Constraint,Medium,2023-11-28,19,5149.83,Left study by material.
INC-HVRZ8450,1365.0,shipment delay,HIGH,2026-04-09,1,3079.72,Never least music sing the two employee.
INC-IFYZ5831,1170.0,Quantity Shortfall,minor,09-Apr-2024,3,415.19,Morning compare capital effect.
INC-NTLK6762,1188.0,Late Delivery,Low,07/05/2025,22,3271.04,Deal tough citizen clear at.
INC-XQDM1178,1211.0,shipment delay,low,01/13/2024,10,12358.84,Them enjoy walk some why involve help continue.
INC-KKTE2474,1311.0,Customs Hold,low,30-Dec-2023,1,1127.26,Professor property again.
INC-GDHH8682,1050.0,Quality Issue,Critical,13-Apr-2026,9,11524.66,Them ask skin agent girl responsibility.
INC-TUEF7687,1191.0,QUALITY ISSUE,HIGH,11-May-2025,1,973.68,Sign condition choose cold alone at difficult again small economy painting.
INC-XNSA9392,1152.0,Force Majeure,major,2025-09-16,32,3093.93,Wrong as appear rich cause become.
INC-BHTU2343,1401.0,Late Delivery,low,12/23/2025,8,6003.71,Education such.
INC-SXAR1911,1046.0,Late delivery,2,10/08/2024,5,,Although goal size order rise add edge.
INC-BWLO0312,1221.0,QUALITY ISSUE,low,29-Dec-2024,34,457.09,Analysis cold than drive knowledge enter chance.
INC-AYXN2889,1330.0,QUALITY ISSUE,Critical,16-Aug-2024,26,56101.34,Stage case note report sister join could bad sign though visit top in lawyer back watch.
INC-XYYW7042,1174.0,Communication Breakdown,Low,2024-01-07,11,,Economic woman now probably eat company.
INC-LMIW9657,1058.0,Port Delay,2,02/15/2024,8,2890.43,Other site wear church machine age natural up get.
INC-BAVH1232,1146.0,shipment delay,Medium,1723680000,1,3537.42,Big fight hospital bar now couple agency worker recent visit president.
INC-TPWL6185,1161.0,shipment delay,low,24-Jul-2023,11,454.54,And agent two buy sea food glass risk relationship.
INC-IDCV4792,1030.0,shipment delay,minor,13-Jul-2025,18,,Expert firm it himself we school knowledge manage debate often shoulder.
